{"cameraMode":{"drawMode":0,"name":"Shaded","section":"Shading Mode"},"sceneLighting":true,"audioPlay":false,"sceneViewState":{"m_AlwaysRefresh":false,"showFog":true,"showSkybox":true,"showFlares":true,"showImageEffects":true,"showParticleSystems":true,"showVisualEffectGraphs":true,"m_FxEnabled":true},"in2DMode":false,"pivot":{"x":-247.78543090820313,"y":44.95509338378906,"z":1.707764744758606},"rotation":{"x":0.05706428363919258,"y":-0.9420377016067505,"z":0.23614047467708589,"w":0.2313651293516159},"size":24.215373992919923,"orthographic":false}